<?xml version="1.0" encoding="UTF-8"?>
<beans xmlns="http://www.springframework.org/schema/beans"
    xmlns:xsi="http://www.w3.org/2001/XMLSchema-instance" 
    xmlns:context="http://www.springframework.org/schema/context"
    xsi:schemaLocation="http://www.springframework.org/schema/beans
    http://www.springframework.org/schema/beans/spring-beans.xsd
    http://www.springframework.org/schema/context
    http://www.springframework.org/schema/context/spring-context.xsd">

	<!-- add entry to enable component scanning -->

 <context:component-scan base-package="com.Spring.SprOne"/>

       <bean id="myFortune" class="com.Spring.SprTwo.HappyFortuneService">
    </bean>
<bean id="TrackBall" class="com.Spring.SprTwo.TrackCoach" scope="prototype">
<constructor-arg ref="myFortune"/>

    </bean>
    <bean id="BaseBall" class="com.Spring.SprTwo.BaseBallCoach">
    <constructor-arg ref="myFortune"/>

    
    </bean>
   
    <bean id="CricketBall" class="com.Spring.SprTwo.CricketCoach">
    <property name="fortuneCookie" ref="myFortune"/>
    
    </bean>
</beans>

