<?xml version="1.0" encoding="UTF-8"?>
<beans xmlns="http://www.springframework.org/schema/beans" 
       xmlns:context="http://www.springframework.org/schema/context" 
       xmlns:xsi="http://www.w3.org/2001/XMLSchema-instance" 
       xsi:schemaLocation="http://www.springframework.org/schema/beans 
https://www.springframework.org/schema/beans/spring-beans.xsd
http://www.springframework.org/schema/context
https://www.springframework.org/schema/context/spring-context.xsd">


    <context:component-scan base-package="com.bassure" />
    <!--    <bean id="..." class="..."> (1) (2)
         collaborators and configuration for this bean go here 
    </bean>

    <bean id="..." class="...">
         collaborators and configuration for this bean go here 
    </bean>-->

    <!-- more bean definitions go here -->
    <!--    <bean id = "pen" class = "in.springcore.app.Pen" scope = "singleton" >
    <property name="name" value="{parker,renolds}" />
    <property name="name" value="renolds" />
            <property name="name" value="parker"/>
            
    <property name="price" value="450.00" />
    <property name="quantity" value="25" />
    </bean>-->
        
    <bean id = "dataSource" class = "org.apache.commons.dbcp2.BasicDataSource" destroy-method = "close">
        <property name = "driverClassName" value = "com.mysql.cj.jdbc.Driver" />
        <property name = "url" value = "jdbc:mysql://bassure.in/kalaimaran_db" />
        <property name = "username" value = "Kalai"/>
        <property name = "password" value = "Kalai@4321" />
        <property name="maxIdle" value="1"/>
        <property name="maxTotal" value="5"/>
        <property name="maxWaitMillis" value="-1"/>
    </bean>
    
    
   
</beans>
